genre,mood,music_description
hiphop,energetic,"High-energy hip-hop track with driving 808s, crisp snares, and a pumping bassline, around 120 bpm."
hiphop,energetic,"Energetic hip-hop beat featuring syncopated hi-hats, a fast-paced trap drum pattern, and melodic synths, around 140 bpm"
hiphop,energetic,"Intense hip-hop banger with distorted bass, rapid-fire rhymes, and a driving synthesizer lead, around 160 bpm."
hiphop,happy,"An upbeat hip-hop track infused with joyous melodies and lively rhythms, featuring a BPM of 100-110, with a preference for brass instruments and funky basslines."
hiphop,happy,"A cheerful hip-hop composition with a feel-good vibe, incorporating catchy hooks and vibrant percussions, aiming for a BPM range of 90-100, with a preference for piano chords and groovy drum beats."
hiphop,happy,"An energetic hip-hop beat filled with positivity and happiness, driven by bouncy synth melodies and crisp drum patterns, targeting a BPM of 80-90, with a preference for sampled vocal chops and dynamic hi-hats."
hiphop,ambient,"A fusion of hiphop beats with ambient textures, creating a dreamy atmosphere with a touch of urban groove, aiming for a BPM around 80-90, and featuring smooth electric piano melodies and subtle synth pads."
hiphop,ambient,"Combining the rhythmic intensity of hiphop with the ethereal soundscapes of ambient music, this track explores a BPM range of 70-80, incorporating deep basslines, crisp hi-hats, and shimmering guitar riffs, evoking a sense of nocturnal introspection."
hiphop,ambient,"Blending the raw energy of hiphop with the calming ambiance of ambient tones, this composition sets a BPM pace of 85-95, highlighted by pulsating drum patterns, haunting vocal samples, and echoing electric guitar motifs, capturing a mood that is both gritty and serene."
hiphop,action,"High-energy hip-hop track with a driving beat, perfect for intense chase scenes. BPM around 90-100, featuring gritty synth melodies and heavy bass lines."
hiphop,action,"Epic hip-hop anthem infused with action-packed vibes, ideal for adrenaline-pumping fight sequences. BPM set at 80-90, with aggressive drum patterns and explosive brass sections."
hiphop,action,"Dynamic hip-hop groove designed for thrilling heist scenes, with BPM ranging from 100-110. Incorporates pulsating electronic elements and edgy guitar riffs for added intensity."
hiphop,depression,"A melancholic hip hop track featuring deep basslines and introspective lyrics, with a BPM around 80."
hiphop,depression,"Slow-paced hip hop with poignant piano melodies and heartfelt lyrics, conveying themes of sadness and introspection."
hiphop,depression,"Moody hip hop beats accompanied by mellow guitar riffs and soulful vocals, evoking feelings of despair and contemplation."
lofi,energetic,"Upbeat lofi track with lively drum patterns, catchy melodies, and a BPM of 100, perfect for a motivational workout playlist."
lofi,energetic,"High-energy lofi beats infused with funky basslines and vibrant synths, guaranteed to uplift your mood and keep you grooving."
lofi,energetic,"Lofi tune filled with energetic rhythms, lively piano chords, and cheerful trumpet solos, setting a positive and vibrant atmosphere."
lofi,happy,"Joyful lofi track featuring upbeat ukulele melodies, cheerful whistling, and a laid-back rhythm, bringing a smile to your face with its sunny vibes."
lofi,happy,"Lighthearted lofi beats accompanied by bright acoustic guitar strums and playful flute melodies, capturing the essence of pure happiness."
lofi,happy,"Feel-good lofi tune with bouncy basslines, feel-good piano chords, and uplifting vocal samples, radiating positivity and warmth."
lofi,ambient,"Atmospheric lofi track with ethereal synth pads, soothing nature sounds, and a gentle beat, creating a serene and tranquil ambiance."
lofi,ambient,"Ambient lofi vibes featuring distant guitar drones, subtle electronic textures, and soft percussion, perfect for relaxation and meditation."
lofi,ambient,"Dreamy lofi melodies intertwined with celestial soundscapes, evoking a sense of calmness and inner peace amidst the chaos of the world."
lofi,action,"Dynamic lofi track with intense drum breaks, gritty basslines, and aggressive synths, creating an adrenaline-fueled atmosphere reminiscent of a high-stakes chase scene."
lofi,action,"Action-packed lofi beats accompanied by pulsating rhythms, ominous melodies, and cinematic sound effects, setting the stage for an epic showdown."
lofi,action,"Energetic lofi tune filled with driving percussion, edgy guitar riffs, and suspenseful orchestral elements, immersing listeners in a thrilling sonic adventure"
lofi,depression,"Lofi composition with melancholic piano melodies, subdued drum beats, and introspective vocal samples, reflecting feelings of loneliness and sadness."
lofi,depression,"Brooding lofi track featuring somber guitar chords, haunting atmospheres, and downtempo rhythms, capturing the essence of existential despair."
lofi,depression,"Dark and introspective lofi beats accompanied by melancholic violin melodies and lo-fi vocal chops, expressing the depths of emotional turmoil and inner conflict."
rock,energetic,"A high-energy rock track with driving drums, roaring guitars, and a BPM of 160, perfect for intense workout sessions."
rock,energetic,"An electrifying rock anthem featuring powerful vocals, blazing guitar solos, and a BPM of 170, designed to ignite excitement."
rock,energetic,"A dynamic rock song with pounding rhythms, catchy melodies, and a BPM of 180, guaranteed to keep the adrenaline pumping."
rock,happy,"A lively rock tune with upbeat rhythms, cheerful lyrics, and a BPM of 150, ideal for joyful celebrations and parties."
rock,happy,"An uplifting rock ballad filled with bright guitar chords, energetic drumbeats, and a BPM of 140, spreading happiness all around."
rock,happy,"A feel-good rock anthem with catchy hooks, optimistic vibes, and a BPM of 160, sure to put a smile on everyone's face."
rock,ambient,"An ambient rock track with dreamy guitar textures, soothing synth pads, and a BPM of 120, creating a tranquil atmosphere."
rock,ambient,"A serene blend of rock and ambient elements, featuring gentle melodies, atmospheric effects, and a BPM of 110, perfect for relaxation."
rock,ambient,"An ethereal rock composition with atmospheric soundscapes, mellow guitar lines, and a BPM of 100, transporting listeners to a calm oasis."
rock,action,"An action-packed rock track with intense guitar riffs, driving basslines, and a BPM of 170, setting the stage for thrilling adventures."
rock,action,"A fast-paced rock anthem with explosive energy, aggressive vocals, and a BPM of 180, perfect for adrenaline-fueled scenes."
rock,action,"A high-octane rock composition featuring pounding drums, blistering guitar solos, and a BPM of 160, designed to fuel excitement and intensity."
rock,depression,"A melancholic rock ballad with haunting melodies, introspective lyrics, and a BPM of 100, expressing deep emotions of sadness and loss."
rock,depression,"A somber rock composition with mournful guitar solos, melancholic vocals, and a BPM of 110, capturing the essence of despair and longing."
rock,depression,"A poignant rock song with emotive chord progressions, soulful vocals, and a BPM of 120, reflecting on themes of heartbreak and melancholy."
cinematic,energetic,"A sonic explosion of orchestral power, fueled by thunderous percussion and soaring brass, driving forward at a heart-pounding 160 BPM."
cinematic,energetic,"An adrenaline-fueled symphony of strings and synths, accompanied by pulsating rhythms and epic choir vocals, propelling the listener into a thrilling journey at 170 BPM."
cinematic,energetic,"A symphonic tour de force blending electronic beats with orchestral grandeur, creating a dynamic soundscape of energy and excitement, reaching a crescendo at 180 BPM."
cinematic,happy,"A jubilant orchestral celebration featuring whimsical woodwinds, playful strings, and lively brass, dancing joyfully at 150 BPM."
cinematic,happy,"A euphoric symphonic arrangement bursting with sunshine and rainbows, adorned with sparkling harp glissandos and cheerful melodies, spreading happiness at 140 BPM."
cinematic,happy,"A symphonic ode to blissful moments, with cascading piano arpeggios, soaring strings, and triumphant horn fanfares, painting a portrait of pure joy at 160 BPM."
cinematic,ambient,"An ethereal journey through celestial realms, guided by shimmering pads, delicate piano melodies, and distant choir whispers, drifting serenely at 120 BPM."
cinematic,ambient,"A tranquil symphonic meditation on peace and tranquility, with gentle strings, ethereal voices, and ambient textures, floating weightlessly at 110 BPM."
cinematic,ambient,"A symphonic dreamscape of cosmic beauty, enveloping the listener in a cocoon of soft strings, celestial choirs, and soothing harp glissandos, unfolding gracefully at 100 BPM."
cinematic,action,"A pulse-pounding orchestral thriller, with driving percussion, intense brass stabs, and relentless string ostinatos, racing towards a heart-stopping climax at 170 BPM."
cinematic,action,"An epic symphonic battle between heroes and villains, featuring bombastic drums, heroic horn calls, and fiery string runs, unleashing a torrent of action at 180 BPM."
cinematic,action,"A symphonic adrenaline rush of epic proportions, combining soaring melodies, thunderous rhythms, and hair-raising crescendos, delivering a cinematic spectacle at 160 BPM."
cinematic,depression,"A haunting symphonic lament, with mournful strings, melancholic woodwinds, and desolate choir whispers, evoking a sense of profound sorrow at 100 BPM."
cinematic,depression,"A symphonic elegy for lost dreams, filled with somber piano chords, weeping strings, and distant echoes of despair, echoing through the emptiness at 110 BPM."
cinematic,depression,"A melancholic symphonic reverie, with achingly beautiful melodies, tearful violin solos, and mournful brass chorales, plunging the listener into the depths of melancholy at 120 BPM."
jazz,energetic,"A lively jazz piece with swinging rhythms, vibrant horns, and a BPM of 180, guaranteed to get your feet tapping."
jazz,energetic,"An energetic jazz ensemble featuring blazing trumpet solos, dynamic piano chords, and a BPM of 200, perfect for lively soirées."
jazz,energetic,"A high-octane jazz composition with driving basslines, frenetic drumming, and a BPM of 190, designed to keep the energy levels high."
jazz,happy,"A joyful jazz tune with upbeat melodies, infectious grooves, and a BPM of 160, spreading happiness wherever it plays."
jazz,happy,"An uplifting jazz ballad filled with sunny brass sections, swinging rhythms, and a BPM of 150, guaranteed to lift spirits."
jazz,happy,"A feel-good jazz ensemble featuring cheerful saxophone solos, playful piano lines, and a BPM of 170, perfect for celebratory occasions."
jazz,ambient,"An ambient jazz track with mellow guitar chords, soft trumpet tones, and a BPM of 120, creating a relaxing atmosphere."
jazz,ambient,"A serene blend of jazz and ambient elements, featuring dreamy saxophone melodies, soothing piano keys, and a BPM of 110, ideal for unwinding."
jazz,ambient,"An ethereal jazz composition with atmospheric soundscapes, gentle percussion, and a BPM of 100, transporting listeners to a tranquil realm."
jazz,action,"An action-packed jazz fusion piece with fiery saxophone runs, pulsating basslines, and a BPM of 170, perfect for dynamic scenes."
jazz,action,"A fast-paced jazz ensemble featuring intense drumming, virtuosic improvisations, and a BPM of 180, setting the stage for thrilling adventures."
jazz,action,"A high-energy jazz composition with frenetic piano solos, driving rhythms, and a BPM of 190, designed to keep the adrenaline pumping."
jazz,depression,"A melancholic jazz ballad with plaintive trumpet melodies, haunting piano chords, and a BPM of 90, expressing deep emotions of sadness and longing."
jazz,depression,"A somber jazz composition with brooding saxophone solos, melancholic basslines, and a BPM of 100, capturing the essence of despair and introspection."
jazz,depression,"A poignant jazz tune with emotive chord progressions, soulful trumpet lines, and a BPM of 110, reflecting on themes of heartbreak and melancholy."
